Mot,Poids
you,0.5254466609126268
be,0.45060330392507203
the,0.3034885266162015
to,0.24536275795920018
it,0.18852295763531837
of,0.15303023164122023
that,0.14377125964275986
what,0.14377125964275986
and,0.14299967864288815
he,0.14042774197664917
have,0.13271193197793218
do,0.12653928397895858
we,0.1175375056471221
this,0.10210588564968813
in,0.10030552998332083
get,0.09850517431695353
for,0.08410232898601516
know,0.08050161765328057
will,0.07741529365379377
no,0.07124264565482018
your,0.06918509632182898
my,0.06481280398922269
they,0.0642984166559749
can,0.064041222989351
on,0.06378402932272709
go,0.0606977053232403
don,0.0596689306567447
just,0.057868574990377404
not,0.05401066999101891
she,0.05323908899114721
yes,0.05323908899114721
there,0.05221031432465161
with,0.04989557132503652
like,0.04758082832542142
her,0.04655205365892582
here,0.04655205365892582
so,0.04655205365892582
all,0.045780472659054126
but,0.045780472659054126
up,0.04475169799255852
one,0.04398011699268683
out,0.04398011699268683
marcus,0.04217976132631953
blade,0.04192256765969563
now,0.04140818032644783
see,0.04115098665982393
krista,0.04063659932657613
if,0.039350630993456634
want,0.03574991966072204
about,0.03446395132760254
take,0.034206757660978644
where,0.034206757660978644
who,0.03369237032773084
tell,0.03292078932785914
come,0.032663595661235244
time,0.032663595661235244
good,0.032406401994611346
how,0.031892014661363544
kill,0.03086323999486795
his,0.02983446532837235
need,0.029320077995124552
gonna,0.028034109662005053
blood,0.027776915995381152
look,0.027776915995381152
from,0.027262528662133353
say,0.025719366662389956
think,0.025462172995766058
back,0.025204979329142157
let,0.025204979329142157
right,0.025204979329142157
work,0.025204979329142157
make,0.02494778566251826
house,0.024690591995894358
something,0.02391901099602266
our,0.02366181732939876
or,0.023404623662774862
vampire,0.023404623662774862
some,0.02237584899627926
oh,0.021861461663031462
thing,0.021861461663031462
as,0.021089880663159765
doing,0.020575493329911966
well,0.020318299663288065
chase,0.020061105996664167
find,0.020061105996664167
at,0.019803912330040266
man,0.019803912330040266
when,0.019546718663416368
little,0.018775137663544668
didn,0.01723197566380127
more,0.01723197566380127
only,0.01723197566380127
people,0.01723197566380127
day,0.016974781997177373
too,0.016974781997177373
by,0.016717588330553472
hey,0.01646039466392957
give,0.015946007330681772
why,0.015946007330681772
way,0.015688813664057874
would,0.015688813664057874
then,0.015431619997433975
turn,0.015431619997433975
ok,0.015174426330810075
chthon,0.014917232664186176
down,0.014917232664186176
could,0.014660038997562276
long,0.014402845330938377
boone,0.014145651664314477
dead,0.013888457997690576
everything,0.013888457997690576
help,0.013888457997690576
off,0.013631264331066676
name,0.013374070664442777
sciver,0.013374070664442777
van,0.013374070664442777
brother,0.013116876997818877
place,0.013116876997818877
their,0.013116876997818877
before,0.012859683331194978
last,0.012602489664571078
over,0.012602489664571078
after,0.012345295997947179
ever,0.01208810233132328
pure,0.01208810233132328
stay,0.01208810233132328
sure,0.01208810233132328
thank,0.01208810233132328
happen,0.01183090866469938
keep,0.01183090866469938
mean,0.01183090866469938
still,0.01183090866469938
uh,0.01183090866469938
please,0.01157371499807548
hear,0.011316521331451581
much,0.011316521331451581
new,0.011316521331451581
nothing,0.011316521331451581
even,0.011059327664827681
other,0.011059327664827681
shit,0.011059327664827681
sorry,0.011059327664827681
zack,0.011059327664827681
anything,0.010802133998203782
guy,0.010802133998203782
year,0.010802133998203782
hell,0.010544940331579883
call,0.010287746664955983
should,0.010287746664955983
start,0.010287746664955983
domic,0.010030552998332084
live,0.010030552998332084
wait,0.010030552998332084
ash,0.009773359331708184
girl,0.009773359331708184
hello,0.009773359331708184
stop,0.009773359331708184
use,0.009773359331708184
into,0.009516165665084285
away,0.009258971998460385
every,0.009258971998460385
home,0.009258971998460385
try,0.009258971998460385
aurora,0.009001778331836486
found,0.009001778331836486
god,0.009001778331836486
problem,0.009001778331836486
always,0.008744584665212586
die,0.008744584665212586
few,0.008744584665212586
maybe,0.008744584665212586
someone,0.008744584665212586
wanna,0.008744584665212586
any,0.008487390998588687
because,0.008487390998588687
charlotte,0.008487390998588687
fine,0.008487390998588687
gotta,0.008487390998588687
really,0.008487390998588687
another,0.008230197331964785
doesn,0.008230197331964785
first,0.008230197331964785
fritz,0.008230197331964785
move,0.008230197331964785
next,0.008230197331964785
night,0.008230197331964785
wasn,0.008230197331964785
bitch,0.007973003665340886
else,0.007973003665340886
might,0.007973003665340886
ready,0.007973003665340886
shen,0.007973003665340886
through,0.007973003665340886
wrong,0.007973003665340886
enough,0.007715809998716987
friend,0.007715809998716987
lot,0.007715809998716987
never,0.007715809998716987
very,0.007715809998716987
bad,0.007458616332093088
change,0.007458616332093088
detroit,0.007458616332093088
world,0.007458616332093088
yet,0.007458616332093088
again,0.007201422665469188
end,0.007201422665469188
mr,0.007201422665469188
must,0.007201422665469188
serum,0.007201422665469188
ask,0.006944228998845288
care,0.006944228998845288
city,0.006944228998845288
kind,0.006944228998845288
life,0.006944228998845288
meet,0.006944228998845288
okay,0.006944228998845288
around,0.0066870353322213884
believe,0.0066870353322213884
doctor,0.0066870353322213884
family,0.0066870353322213884
leave,0.0066870353322213884
many,0.0066870353322213884
son,0.0066870353322213884
than,0.0066870353322213884
trust,0.0066870353322213884
understand,0.0066870353322213884
bring,0.006429841665597489
familiar,0.006429841665597489
miss,0.006429841665597489
talk,0.006429841665597489
talke,0.006429841665597489
vaccine,0.006429841665597489
alright,0.0061726479989735895
drink,0.0061726479989735895
gin,0.0061726479989735895
isn,0.0061726479989735895
screw,0.0061726479989735895
thirst,0.0061726479989735895
baby,0.00591545433234969
boy,0.00591545433234969
feel,0.00591545433234969
hurt,0.00591545433234969
left,0.00591545433234969
listen,0.00591545433234969
mom,0.00591545433234969
old,0.00591545433234969
open,0.00591545433234969
question,0.00591545433234969
street,0.00591545433234969
thought,0.00591545433234969
already,0.0056582606657257905
ass,0.0056582606657257905
hope,0.0056582606657257905
hour,0.0056582606657257905
human,0.0056582606657257905
sister,0.0056582606657257905
ago,0.005401066999101891
alive,0.005401066999101891
kid,0.005401066999101891
less,0.005401066999101891
lose,0.005401066999101891
minute,0.005401066999101891
mother,0.005401066999101891
starr,0.005401066999101891
two,0.005401066999101891
while,0.005401066999101891
armaya,0.0051438733324779915
big,0.0051438733324779915
body,0.0051438733324779915
coming,0.0051438733324779915
damn,0.0051438733324779915
eric,0.0051438733324779915
haven,0.0051438733324779915
honey,0.0051438733324779915
moment,0.0051438733324779915
show,0.0051438733324779915
week,0.0051438733324779915
won,0.0051438733324779915
death,0.004886679665854092
different,0.004886679665854092
forget,0.004886679665854092
guess,0.004886679665854092
idea,0.004886679665854092
late,0.004886679665854092
own,0.004886679665854092
rest,0.004886679665854092
shut,0.004886679665854092
sir,0.004886679665854092
somebody,0.004886679665854092
tagne,0.004886679665854092
tonight,0.004886679665854092
until,0.004886679665854092
walk,0.004886679665854092
ah,0.0046294859992301925
anymore,0.0046294859992301925
close,0.0046294859992301925
either,0.0046294859992301925
eye,0.0046294859992301925
forever,0.0046294859992301925
gang,0.0046294859992301925
means,0.0046294859992301925
most,0.0046294859992301925
same,0.0046294859992301925
silver,0.0046294859992301925
which,0.0046294859992301925
ain,0.004372292332606293
being,0.004372292332606293
berlin,0.004372292332606293
exactly,0.004372292332606293
fast,0.004372292332606293
finish,0.004372292332606293
goddamn,0.004372292332606293
lady,0.004372292332606293
plan,0.004372292332606293
pretty,0.004372292332606293
put,0.004372292332606293
send,0.004372292332606293
soon,0.004372292332606293
stuff,0.004372292332606293
building,0.004115098665982393
catch,0.004115098665982393
cop,0.004115098665982393
em,0.004115098665982393
great,0.004115098665982393
hand,0.004115098665982393
hold,0.004115098665982393
learn,0.004115098665982393
love,0.004115098665982393
matt,0.004115098665982393
safe,0.004115098665982393
vanessa,0.004115098665982393
bite,0.0038579049993584936
collins,0.0038579049993584936
deliver,0.0038579049993584936
door,0.0038579049993584936
excuse,0.0038579049993584936
fee,0.0038579049993584936
garlic,0.0038579049993584936
head,0.0038579049993584936
monster,0.0038579049993584936
once,0.0038579049993584936
part,0.0038579049993584936
past,0.0038579049993584936
pay,0.0038579049993584936
quite,0.0038579049993584936
room,0.0038579049993584936
second,0.0038579049993584936
sweetheart,0.0038579049993584936
taking,0.0038579049993584936
watch,0.0038579049993584936
aren,0.003600711332734594
case,0.003600711332734594
course,0.003600711332734594
easy,0.003600711332734594
freak,0.003600711332734594
half,0.003600711332734594
hit,0.003600711332734594
jesus,0.003600711332734594
lychan,0.003600711332734594
may,0.003600711332734594
nice,0.003600711332734594
run,0.003600711332734594
thinke,0.003600711332734594
together,0.003600711332734594
track,0.003600711332734594
whatever,0.003600711332734594
wow,0.003600711332734594
become,0.0033435176661106942
cain,0.0033435176661106942
clear,0.0033435176661106942
face,0.0033435176661106942
fight,0.0033435176661106942
fire,0.0033435176661106942
information,0.0033435176661106942
job,0.0033435176661106942
living,0.0033435176661106942
nobody,0.0033435176661106942
pick,0.0033435176661106942
pleasure,0.0033435176661106942
promise,0.0033435176661106942
remember,0.0033435176661106942
save,0.0033435176661106942
since,0.0033435176661106942
step,0.0033435176661106942
transcript,0.0033435176661106942
under,0.0033435176661106942
vonner,0.0033435176661106942
war,0.0033435176661106942
woman,0.0033435176661106942
wouldn,0.0033435176661106942
yourself,0.0033435176661106942
answer,0.0030863239994867947
bet,0.0030863239994867947
between,0.0030863239994867947
burn,0.0030863239994867947
chance,0.0030863239994867947
check,0.0030863239994867947
conclave,0.0030863239994867947
experience,0.0030863239994867947
fat,0.0030863239994867947
gift,0.0030863239994867947
month,0.0030863239994867947
party,0.0030863239994867947
probably,0.0030863239994867947
security,0.0030863239994867947
series,0.0030863239994867947
side,0.0030863239994867947
sound,0.0030863239994867947
stretch,0.0030863239994867947
suppose,0.0030863239994867947
survive,0.0030863239994867947
touch,0.0030863239994867947
wend,0.0030863239994867947
winston,0.0030863239994867947
worry,0.0030863239994867947
against,0.0028291303328628952
allow,0.0028291303328628952
along,0.0028291303328628952
anyone,0.0028291303328628952
belong,0.0028291303328628952
both,0.0028291303328628952
break,0.0028291303328628952
daywalker,0.0028291303328628952
dude,0.0028291303328628952
far,0.0028291303328628952
favor,0.0028291303328628952
favourite,0.0028291303328628952
figure,0.0028291303328628952
fresh,0.0028291303328628952
glyph,0.0028291303328628952
handle,0.0028291303328628952
hang,0.0028291303328628952
inside,0.0028291303328628952
lead,0.0028291303328628952
lie,0.0028291303328628952
offer,0.0028291303328628952
pain,0.0028291303328628952
plane,0.0028291303328628952
possible,0.0028291303328628952
real,0.0028291303328628952
shot,0.0028291303328628952
smell,0.0028291303328628952
though,0.0028291303328628952
word,0.0028291303328628952
young,0.0028291303328628952
bastard,0.0025719366662389958
control,0.0025719366662389958
dawn,0.0025719366662389958
delivery,0.0025719366662389958
disappear,0.0025719366662389958
everyone,0.0025719366662389958
except,0.0025719366662389958
father,0.0025719366662389958
finally,0.0025719366662389958
forom,0.0025719366662389958
game,0.0025719366662389958
happening,0.0025719366662389958
isabelle,0.0025719366662389958
key,0.0025719366662389958
light,0.0025719366662389958
mine,0.0025719366662389958
point,0.0025719366662389958
project,0.0025719366662389958
ray,0.0025719366662389958
secret,0.0025719366662389958
share,0.0025719366662389958
sort,0.0025719366662389958
success,0.0025719366662389958
sun,0.0025719366662389958
synchro,0.0025719366662389958
ten,0.0025719366662389958
travis,0.0025719366662389958
truck,0.0025719366662389958
welcome,0.0025719366662389958
www,0.0025719366662389958
yours,0.0025719366662389958
alone,0.0023147429996150963
board,0.0023147429996150963
born,0.0023147429996150963
carry,0.0023147429996150963
child,0.0023147429996150963
choice,0.0023147429996150963
couple,0.0023147429996150963
destroy,0.0023147429996150963
dozen,0.0023147429996150963
eat,0.0023147429996150963
enjoy,0.0023147429996150963
feeling,0.0023147429996150963
food,0.0023147429996150963
fun,0.0023147429996150963
infect,0.0023147429996150963
involve,0.0023147429996150963
join,0.0023147429996150963
loose,0.0023147429996150963
mind,0.0023147429996150963
play,0.0023147429996150963
pregnant,0.0023147429996150963
robert,0.0023147429996150963
sign,0.0023147429996150963
sleep,0.0023147429996150963
such,0.0023147429996150963
surprise,0.0023147429996150963
viola,0.0023147429996150963
weakness,0.0023147429996150963
zach,0.0023147429996150963
able,0.0020575493329911963
actually,0.0020575493329911963
age,0.0020575493329911963
arrangement,0.0020575493329911963
asshole,0.0020575493329911963
beautiful,0.0020575493329911963
beginning,0.0020575493329911963
blow,0.0020575493329911963
brook,0.0020575493329911963
business,0.0020575493329911963
buy,0.0020575493329911963
car,0.0020575493329911963
careful,0.0020575493329911963
cause,0.0020575493329911963
clean,0.0020575493329911963
daughter,0.0020575493329911963
deal,0.0020575493329911963
deserve,0.0020575493329911963
dress,0.0020575493329911963
early,0.0020575493329911963
effect,0.0020575493329911963
everybody,0.0020575493329911963
expect,0.0020575493329911963
gun,0.0020575493329911963
hard,0.0020575493329911963
hate,0.0020575493329911963
himself,0.0020575493329911963
hospital,0.0020575493329911963
huh,0.0020575493329911963
interest,0.0020575493329911963
mmh,0.0020575493329911963
murder,0.0020575493329911963
myself,0.0020575493329911963
neck,0.0020575493329911963
number,0.0020575493329911963
operation,0.0020575493329911963
perhaps,0.0020575493329911963
piece,0.0020575493329911963
piss,0.0020575493329911963
playe,0.0020575493329911963
protect,0.0020575493329911963
read,0.0020575493329911963
require,0.0020575493329911963
respect,0.0020575493329911963
seem,0.0020575493329911963
serious,0.0020575493329911963
sick,0.0020575493329911963
simply,0.0020575493329911963
speak,0.0020575493329911963
stable,0.0020575493329911963
system,0.0020575493329911963
taste,0.0020575493329911963
thirsty,0.0020575493329911963
tie,0.0020575493329911963
tomorrow,0.0020575493329911963
trouble,0.0020575493329911963
true,0.0020575493329911963
wake,0.0020575493329911963
weapon,0.0020575493329911963
whistler,0.0020575493329911963
whole,0.0020575493329911963
without,0.0020575493329911963
action,0.001800355666367297
addict,0.001800355666367297
ahead,0.001800355666367297
almost,0.001800355666367297
ambulance,0.001800355666367297
asset,0.001800355666367297
behind,0.001800355666367297
black,0.001800355666367297
boss,0.001800355666367297
buddy,0.001800355666367297
century,0.001800355666367297
club,0.001800355666367297
compreviously,0.001800355666367297
cool,0.001800355666367297
couldn,0.001800355666367297
dad,0.001800355666367297
detective,0.001800355666367297
dollar,0.001800355666367297
drug,0.001800355666367297
experiment,0.001800355666367297
file,0.001800355666367297
final,0.001800355666367297
full,0.001800355666367297
gallery,0.001800355666367297
gentleman,0.001800355666367297
high,0.001800355666367297
hundred,0.001800355666367297
husband,0.001800355666367297
its,0.001800355666367297
killer,0.001800355666367297
lab,0.001800355666367297
lock,0.001800355666367297
luck,0.001800355666367297
meat,0.001800355666367297
middle,0.001800355666367297
money,0.001800355666367297
none,0.001800355666367297
outside,0.001800355666367297
pal,0.001800355666367297
person,0.001800355666367297
phone,0.001800355666367297
proof,0.001800355666367297
rather,0.001800355666367297
replace,0.001800355666367297
ride,0.001800355666367297
rule,0.001800355666367297
sense,0.001800355666367297
shoot,0.001800355666367297
single,0.001800355666367297
smile,0.001800355666367297
sometimes,0.001800355666367297
stage,0.001800355666367297
stake,0.001800355666367297
target,0.001800355666367297
team,0.001800355666367297
tear,0.001800355666367297
term,0.001800355666367297
top,0.001800355666367297
town,0.001800355666367297
tucker,0.001800355666367297
twelve,0.001800355666367297
underground,0.001800355666367297
unfortunate,0.001800355666367297
unless,0.001800355666367297
upon,0.001800355666367297
win,0.001800355666367297
wonder,0.001800355666367297
accept,0.0015431619997433974
anywhere,0.0015431619997433974
armayans,0.0015431619997433974
bag,0.0015431619997433974
base,0.0015431619997433974
beauty,0.0015431619997433974
blah,0.0015431619997433974
bone,0.0015431619997433974
bullet,0.0015431619997433974
busy,0.0015431619997433974
certain,0.0015431619997433974
complete,0.0015431619997433974
count,0.0015431619997433974
country,0.0015431619997433974
crack,0.0015431619997433974
crazy,0.0015431619997433974
cut,0.0015431619997433974
daddy,0.0015431619997433974
dangerous,0.0015431619997433974
dealer,0.0015431619997433974
deep,0.0015431619997433974
demand,0.0015431619997433974
desperate,0.0015431619997433974
evening,0.0015431619997433974
fall,0.0015431619997433974
fbi,0.0015431619997433974
fellow,0.0015431619997433974
finding,0.0015431619997433974
finger,0.0015431619997433974
floor,0.0015431619997433974
focus,0.0015431619997433974
follow,0.0015431619997433974
following,0.0015431619997433974
force,0.0015431619997433974
free,0.0015431619997433974
funny,0.0015431619997433974
future,0.0015431619997433974
genetic,0.0015431619997433974
grihalt,0.0015431619997433974
healing,0.0015431619997433974
hide,0.0015431619997433974
hole,0.0015431619997433974
holy,0.0015431619997433974
honor,0.0015431619997433974
hum,0.0015431619997433974
hunter,0.0015431619997433974
impossible,0.0015431619997433974
inhaler,0.0015431619997433974
inject,0.0015431619997433974
large,0.0015431619997433974
location,0.0015431619997433974
member,0.0015431619997433974
message,0.0015431619997433974
million,0.0015431619997433974
morning,0.0015431619997433974
nocturni,0.0015431619997433974
nowhere,0.0015431619997433974
omines,0.0015431619997433974
ours,0.0015431619997433974
pass,0.0015431619997433974
poison,0.0015431619997433974
power,0.0015431619997433974
prince,0.0015431619997433974
prove,0.0015431619997433974
reason,0.0015431619997433974
recruit,0.0015431619997433974
relax,0.0015431619997433974
rise,0.0015431619997433974
shop,0.0015431619997433974
skin,0.0015431619997433974
slowly,0.0015431619997433974
small,0.0015431619997433974
somehow,0.0015431619997433974
somewhere,0.0015431619997433974
space,0.0015431619997433974
story,0.0015431619997433974
table,0.0015431619997433974
test,0.0015431619997433974
throw,0.0015431619997433974
transponder,0.0015431619997433974
vision,0.0015431619997433974
waste,0.0015431619997433974
white,0.0015431619997433974
whoever,0.0015431619997433974
wish,0.0015431619997433974
absolute,0.0012859683331194979
address,0.0012859683331194979
agent,0.0012859683331194979
also,0.0012859683331194979
approach,0.0012859683331194979
arm,0.0012859683331194979
army,0.0012859683331194979
arrest,0.0012859683331194979
aske,0.0012859683331194979
assume,0.0012859683331194979
attack,0.0012859683331194979
batch,0.0012859683331194979
beat,0.0012859683331194979
bethany,0.0012859683331194979
birth,0.0012859683331194979
bomb,0.0012859683331194979
breath,0.0012859683331194979
bullshit,0.0012859683331194979
choose,0.0012859683331194979
cute,0.0012859683331194979
difficult,0.0012859683331194979
dinner,0.0012859683331194979
discuss,0.0012859683331194979
doubt,0.0012859683331194979
drop,0.0012859683331194979
enemy,0.0012859683331194979
entire,0.0012859683331194979
everywhere,0.0012859683331194979
fix,0.0012859683331194979
fold,0.0012859683331194979
front,0.0012859683331194979
gonesse,0.0012859683331194979
grow,0.0012859683331194979
hasn,0.0012859683331194979
history,0.0012859683331194979
hungry,0.0012859683331194979
immunity,0.0012859683331194979
investigate,0.0012859683331194979
knock,0.0012859683331194979
link,0.0012859683331194979
lisa,0.0012859683331194979
loss,0.0012859683331194979
lucky,0.0012859683331194979
mama,0.0012859683331194979
mark,0.0012859683331194979
medical,0.0012859683331194979
memory,0.0012859683331194979
movement,0.0012859683331194979
network,0.0012859683331194979
north,0.0012859683331194979
notice,0.0012859683331194979
nurse,0.0012859683331194979
order,0.0012859683331194979
perfect,0.0012859683331194979
personal,0.0012859683331194979
plenty,0.0012859683331194979
possession,0.0012859683331194979
property,0.0012859683331194979
pull,0.0012859683331194979
reach,0.0012859683331194979
remain,0.0012859683331194979
return,0.0012859683331194979
risk,0.0012859683331194979
scream,0.0012859683331194979
secure,0.0012859683331194979
ship,0.0012859683331194979
sit,0.0012859683331194979
site,0.0012859683331194979
sneak,0.0012859683331194979
spend,0.0012859683331194979
stand,0.0012859683331194979
strong,0.0012859683331194979
subject,0.0012859683331194979
suck,0.0012859683331194979
suffer,0.0012859683331194979
sunlight,0.0012859683331194979
support,0.0012859683331194979
suspect,0.0012859683331194979
sweat,0.0012859683331194979
taka,0.0012859683331194979
tatoo,0.0012859683331194979
teach,0.0012859683331194979
trace,0.0012859683331194979
travel,0.0012859683331194979
treat,0.0012859683331194979
truth,0.0012859683331194979
value,0.0012859683331194979
vanish,0.0012859683331194979
virus,0.0012859683331194979
wife,0.0012859683331194979
zed,0.0012859683331194979
30,0.0010287746664955982
911,0.0010287746664955982
ability,0.0010287746664955982
abraham,0.0010287746664955982
accord,0.0010287746664955982
afraid,0.0010287746664955982
american,0.0010287746664955982
angel,0.0010287746664955982
animal,0.0010287746664955982
apologize,0.0010287746664955982
associate,0.0010287746664955982
assure,0.0010287746664955982
attention,0.0010287746664955982
book,0.0010287746664955982
brand,0.0010287746664955982
bright,0.0010287746664955982
bryan,0.0010287746664955982
charge,0.0010287746664955982
chew,0.0010287746664955982
chief,0.0010287746664955982
chill,0.0010287746664955982
cold,0.0010287746664955982
collect,0.0010287746664955982
complicate,0.0010287746664955982
confirmation,0.0010287746664955982
confirme,0.0010287746664955982
connect,0.0010287746664955982
cover,0.0010287746664955982
crowd,0.0010287746664955982
culture,0.0010287746664955982
cure,0.0010287746664955982
danny,0.0010287746664955982
decade,0.0010287746664955982
depend,0.0010287746664955982
dial,0.0010287746664955982
dick,0.0010287746664955982
discover,0.0010287746664955982
donny,0.0010287746664955982
downstair,0.0010287746664955982
dr,0.0010287746664955982
dream,0.0010287746664955982
emerge,0.0010287746664955982
erebus,0.0010287746664955982
essential,0.0010287746664955982
eternal,0.0010287746664955982
ex,0.0010287746664955982
exist,0.0010287746664955982
failure,0.0010287746664955982
faith,0.0010287746664955982
five,0.0010287746664955982
flight,0.0010287746664955982
forward,0.0010287746664955982
given,0.0010287746664955982
guest,0.0010287746664955982
happy,0.0010287746664955982
hash,0.0010287746664955982
heart,0.0010287746664955982
helping,0.0010287746664955982
hero,0.0010287746664955982
historical,0.0010287746664955982
hot,0.0010287746664955982
hurry,0.0010287746664955982
identity,0.0010287746664955982
imagine,0.0010287746664955982
immune,0.0010287746664955982
important,0.0010287746664955982
impress,0.0010287746664955982
jet,0.0010287746664955982
katherine,0.0010287746664955982
leader,0.0010287746664955982
list,0.0010287746664955982
lord,0.0010287746664955982
louisiana,0.0010287746664955982
lovely,0.0010287746664955982
madam,0.0010287746664955982
match,0.0010287746664955982
mess,0.0010287746664955982
michigan,0.0010287746664955982
mile,0.0010287746664955982
mistake,0.0010287746664955982
moi,0.0010287746664955982
mostly,0.0010287746664955982
nation,0.0010287746664955982
natural,0.0010287746664955982
nature,0.0010287746664955982
negociation,0.0010287746664955982
neither,0.0010287746664955982
nightmare,0.0010287746664955982
park,0.0010287746664955982
particular,0.0010287746664955982
per,0.0010287746664955982
ping,0.0010287746664955982
pong,0.0010287746664955982
prayer,0.0010287746664955982
prepare,0.0010287746664955982
present,0.0010287746664955982
press,0.0010287746664955982
print,0.0010287746664955982
private,0.0010287746664955982
provide,0.0010287746664955982
quiet,0.0010287746664955982
quietly,0.0010287746664955982
rebirth,0.0010287746664955982
recently,0.0010287746664955982
recognize,0.0010287746664955982
regret,0.0010287746664955982
relationship,0.0010287746664955982
remind,0.0010287746664955982
restore,0.0010287746664955982
rip,0.0010287746664955982
ritual,0.0010287746664955982
rock,0.0010287746664955982
ruin,0.0010287746664955982
sabine,0.0010287746664955982
sample,0.0010287746664955982
sand,0.0010287746664955982
sarah,0.0010287746664955982
scare,0.0010287746664955982
school,0.0010287746664955982
serve,0.0010287746664955982
set,0.0010287746664955982
sex,0.0010287746664955982
shadow,0.0010287746664955982
shift,0.0010287746664955982
shoe,0.0010287746664955982
short,0.0010287746664955982
shove,0.0010287746664955982
silvan,0.0010287746664955982
snack,0.0010287746664955982
soul,0.0010287746664955982
special,0.0010287746664955982
speech,0.0010287746664955982
sponsor,0.0010287746664955982
strict,0.0010287746664955982
struggle,0.0010287746664955982
stupid,0.0010287746664955982
swear,0.0010287746664955982
taylor,0.0010287746664955982
thousand,0.0010287746664955982
threat,0.0010287746664955982
three,0.0010287746664955982
throat,0.0010287746664955982
tight,0.0010287746664955982
tip,0.0010287746664955982
tire,0.0010287746664955982
trial,0.0010287746664955982
twice,0.0010287746664955982
uncle,0.0010287746664955982
unity,0.0010287746664955982
uv,0.0010287746664955982
vamp,0.0010287746664955982
victim,0.0010287746664955982
visit,0.0010287746664955982
wear,0.0010287746664955982
weird,0.0010287746664955982
weren,0.0010287746664955982
whore,0.0010287746664955982
window,0.0010287746664955982
wise,0.0010287746664955982
witness,0.0010287746664955982
15,0.0007715809998716987
50,0.0007715809998716987
access,0.0007715809998716987
accuse,0.0007715809998716987
achieve,0.0007715809998716987
act,0.0007715809998716987
agree,0.0007715809998716987
america,0.0007715809998716987
anybody,0.0007715809998716987
anyway,0.0007715809998716987
apparent,0.0007715809998716987
appartming,0.0007715809998716987
arrive,0.0007715809998716987
art,0.0007715809998716987
asap,0.0007715809998716987
asleep,0.0007715809998716987
assault,0.0007715809998716987
attach,0.0007715809998716987
audience,0.0007715809998716987
average,0.0007715809998716987
await,0.0007715809998716987
bait,0.0007715809998716987
ball,0.0007715809998716987
barely,0.0007715809998716987
bearing,0.0007715809998716987
bed,0.0007715809998716987
beer,0.0007715809998716987
begin,0.0007715809998716987
bill,0.0007715809998716987
biological,0.0007715809998716987
bore,0.0007715809998716987
boyfriend,0.0007715809998716987
brian,0.0007715809998716987
brick,0.0007715809998716987
buck,0.0007715809998716987
butcher,0.0007715809998716987
cannot,0.0007715809998716987
cargo,0.0007715809998716987
carol,0.0007715809998716987
carve,0.0007715809998716987
caylo,0.0007715809998716987
cemetary,0.0007715809998716987
christ,0.0007715809998716987
chuck,0.0007715809998716987
clone,0.0007715809998716987
coke,0.0007715809998716987
company,0.0007715809998716987
compromise,0.0007715809998716987
computer,0.0007715809998716987
concern,0.0007715809998716987
connection,0.0007715809998716987
considerable,0.0007715809998716987
contact,0.0007715809998716987
continue,0.0007715809998716987
cost,0.0007715809998716987
crap,0.0007715809998716987
crash,0.0007715809998716987
crime,0.0007715809998716987
cross,0.0007715809998716987
cycle,0.0007715809998716987
dark,0.0007715809998716987
date,0.0007715809998716987
dear,0.0007715809998716987
decide,0.0007715809998716987
delay,0.0007715809998716987
demise,0.0007715809998716987
detail,0.0007715809998716987
dig,0.0007715809998716987
dirty,0.0007715809998716987
dispatch,0.0007715809998716987
disposal,0.0007715809998716987
dodge,0.0007715809998716987
downtown,0.0007715809998716987
drag,0.0007715809998716987
drain,0.0007715809998716987
driver,0.0007715809998716987
dropping,0.0007715809998716987
dull,0.0007715809998716987
dust,0.0007715809998716987
each,0.0007715809998716987
earth,0.0007715809998716987
east,0.0007715809998716987
edge,0.0007715809998716987
effort,0.0007715809998716987
energy,0.0007715809998716987
ennemy,0.0007715809998716987
entirely,0.0007715809998716987
especial,0.0007715809998716987
event,0.0007715809998716987
exile,0.0007715809998716987
expose,0.0007715809998716987
extract,0.0007715809998716987
fact,0.0007715809998716987
faction,0.0007715809998716987
feeding,0.0007715809998716987
felt,0.0007715809998716987
fist,0.0007715809998716987
flanigan,0.0007715809998716987
flush,0.0007715809998716987
form,0.0007715809998716987
four,0.0007715809998716987
friday,0.0007715809998716987
function,0.0007715809998716987
generous,0.0007715809998716987
germany,0.0007715809998716987
ghost,0.0007715809998716987
grab,0.0007715809998716987
grave,0.0007715809998716987
ground,0.0007715809998716987
growe,0.0007715809998716987
habit,0.0007715809998716987
heavy,0.0007715809998716987
hemoglobin,0.0007715809998716987
hendrick,0.0007715809998716987
hitter,0.0007715809998716987
homicide,0.0007715809998716987
hunting,0.0007715809998716987
immortality,0.0007715809998716987
industry,0.0007715809998716987
introduce,0.0007715809998716987
investigation,0.0007715809998716987
invitation,0.0007715809998716987
jakob,0.0007715809998716987
joe,0.0007715809998716987
juice,0.0007715809998716987
junk,0.0007715809998716987
keyhole,0.0007715809998716987
knife,0.0007715809998716987
landmark,0.0007715809998716987
language,0.0007715809998716987
law,0.0007715809998716987
legacy,0.0007715809998716987
line,0.0007715809998716987
local,0.0007715809998716987
lure,0.0007715809998716987
magnificient,0.0007715809998716987
manage,0.0007715809998716987
marry,0.0007715809998716987
menu,0.0007715809998716987
mighty,0.0007715809998716987
mum,0.0007715809998716987
music,0.0007715809998716987
native,0.0007715809998716987
newborn,0.0007715809998716987
news,0.0007715809998716987
niece,0.0007715809998716987
normal,0.0007715809998716987
office,0.0007715809998716987
online,0.0007715809998716987
onto,0.0007715809998716987
oregon,0.0007715809998716987
otherwise,0.0007715809998716987
pallet,0.0007715809998716987
paper,0.0007715809998716987
parent,0.0007715809998716987
pari,0.0007715809998716987
pat,0.0007715809998716987
patience,0.0007715809998716987
phil,0.0007715809998716987
pillow,0.0007715809998716987
police,0.0007715809998716987
poor,0.0007715809998716987
porter,0.0007715809998716987
precise,0.0007715809998716987
previous,0.0007715809998716987
price,0.0007715809998716987
priority,0.0007715809998716987
prize,0.0007715809998716987
professor,0.0007715809998716987
protection,0.0007715809998716987
push,0.0007715809998716987
quick,0.0007715809998716987
quit,0.0007715809998716987
raise,0.0007715809998716987
rank,0.0007715809998716987
rebuild,0.0007715809998716987
receive,0.0007715809998716987
recent,0.0007715809998716987
record,0.0007715809998716987
reject,0.0007715809998716987
relate,0.0007715809998716987
remove,0.0007715809998716987
rep,0.0007715809998716987
report,0.0007715809998716987
rescue,0.0007715809998716987
research,0.0007715809998716987
respond,0.0007715809998716987
revenge,0.0007715809998716987
rijad,0.0007715809998716987
rin,0.0007715809998716987
roll,0.0007715809998716987
rough,0.0007715809998716987
sally,0.0007715809998716987
scott,0.0007715809998716987
scum,0.0007715809998716987
seal,0.0007715809998716987
sell,0.0007715809998716987
shock,0.0007715809998716987
shouldn,0.0007715809998716987
simple,0.0007715809998716987
skill,0.0007715809998716987
sky,0.0007715809998716987
slaughter,0.0007715809998716987
smart,0.0007715809998716987
smoke,0.0007715809998716987
soldier,0.0007715809998716987
sorensen,0.0007715809998716987
source,0.0007715809998716987
specific,0.0007715809998716987
spectrum,0.0007715809998716987
st,0.0007715809998716987
state,0.0007715809998716987
steal,0.0007715809998716987
stick,0.0007715809998716987
store,0.0007715809998716987
strength,0.0007715809998716987
sucker,0.0007715809998716987
sunrise,0.0007715809998716987
superior,0.0007715809998716987
surround,0.0007715809998716987
sweetie,0.0007715809998716987
sword,0.0007715809998716987
synthetic,0.0007715809998716987
talent,0.0007715809998716987
tall,0.0007715809998716987
tap,0.0007715809998716987
thorne,0.0007715809998716987
throughout,0.0007715809998716987
tissue,0.0007715809998716987
today,0.0007715809998716987
toilet,0.0007715809998716987
tooth,0.0007715809998716987
torch,0.0007715809998716987
toronto,0.0007715809998716987
torture,0.0007715809998716987
trade,0.0007715809998716987
tragic,0.0007715809998716987
transmission,0.0007715809998716987
trip,0.0007715809998716987
ultraviolet,0.0007715809998716987
underneath,0.0007715809998716987
unlike,0.0007715809998716987
unlock,0.0007715809998716987
unwanted,0.0007715809998716987
upstairs,0.0007715809998716987
vega,0.0007715809998716987
violence,0.0007715809998716987
voice,0.0007715809998716987
waitress,0.0007715809998716987
warn,0.0007715809998716987
weight,0.0007715809998716987
west,0.0007715809998716987
wherever,0.0007715809998716987
wipe,0.0007715809998716987
within,0.0007715809998716987
wound,0.0007715809998716987
wrist,0.0007715809998716987
yo,0.0007715809998716987
10,0.0005143873332477991
101,0.0005143873332477991
1800s,0.0005143873332477991
18th,0.0005143873332477991
19,0.0005143873332477991
190,0.0005143873332477991
1978,0.0005143873332477991
2000,0.0005143873332477991
2700,0.0005143873332477991
510,0.0005143873332477991
97g,0.0005143873332477991
98g,0.0005143873332477991
above,0.0005143873332477991
absence,0.0005143873332477991
ac,0.0005143873332477991
accelerate,0.0005143873332477991
accident,0.0005143873332477991
ace,0.0005143873332477991
adams,0.0005143873332477991
ade,0.0005143873332477991
adopt,0.0005143873332477991
advance,0.0005143873332477991
agreement,0.0005143873332477991
aid,0.0005143873332477991
aim,0.0005143873332477991
air,0.0005143873332477991
alex,0.0005143873332477991
allege,0.0005143873332477991
allergic,0.0005143873332477991
alley,0.0005143873332477991
amaze,0.0005143873332477991
ambitious,0.0005143873332477991
anaphylactic,0.0005143873332477991
anger,0.0005143873332477991
apart,0.0005143873332477991
apartment,0.0005143873332477991
apocalpyse,0.0005143873332477991
appearence,0.0005143873332477991
architect,0.0005143873332477991
area,0.0005143873332477991
arena,0.0005143873332477991
asher,0.0005143873332477991
ashers,0.0005143873332477991
assertive,0.0005143873332477991
attract,0.0005143873332477991
authority,0.0005143873332477991
automotive,0.0005143873332477991
avalaible,0.0005143873332477991
backup,0.0005143873332477991
bar,0.0005143873332477991
baseline,0.0005143873332477991
basement,0.0005143873332477991
beach,0.0005143873332477991
beating,0.0005143873332477991
besides,0.0005143873332477991
beyond,0.0005143873332477991
bidding,0.0005143873332477991
bigger,0.0005143873332477991
birthday,0.0005143873332477991
bleed,0.0005143873332477991
bleeding,0.0005143873332477991
blend,0.0005143873332477991
blonde,0.0005143873332477991
blue,0.0005143873332477991
booin,0.0005143873332477991
bother,0.0005143873332477991
brain,0.0005143873332477991
brass,0.0005143873332477991
breathing,0.0005143873332477991
bro,0.0005143873332477991
brown,0.0005143873332477991
bstv,0.0005143873332477991
build,0.0005143873332477991
bureau,0.0005143873332477991
burning,0.0005143873332477991
bust,0.0005143873332477991
buttlerfly,0.0005143873332477991
buying,0.0005143873332477991
carelessness,0.0005143873332477991
carlyle,0.0005143873332477991
carpet,0.0005143873332477991
carver,0.0005143873332477991
cdc,0.0005143873332477991
cell,0.0005143873332477991
central,0.0005143873332477991
chamber,0.0005143873332477991
cheap,0.0005143873332477991
cherry,0.0005143873332477991
chick,0.0005143873332477991
chop,0.0005143873332477991
circle,0.0005143873332477991
circumstance,0.0005143873332477991
civilize,0.0005143873332477991
claim,0.0005143873332477991
clock,0.0005143873332477991
coat,0.0005143873332477991
cognitive,0.0005143873332477991
colleague,0.0005143873332477991
colony,0.0005143873332477991
com,0.0005143873332477991
common,0.0005143873332477991
complaint,0.0005143873332477991
confuse,0.0005143873332477991
consider,0.0005143873332477991
convene,0.0005143873332477991
corporate,0.0005143873332477991
corrupt,0.0005143873332477991
councilman,0.0005143873332477991
countryside,0.0005143873332477991
courtesy,0.0005143873332477991
crawl,0.0005143873332477991
craze,0.0005143873332477991
crosse,0.0005143873332477991
cry,0.0005143873332477991
curious,0.0005143873332477991
customer,0.0005143873332477991
customize,0.0005143873332477991
cutting,0.0005143873332477991
da,0.0005143873332477991
dakota,0.0005143873332477991
danger,0.0005143873332477991
darling,0.0005143873332477991
daylight,0.0005143873332477991
daywalkers,0.0005143873332477991
debt,0.0005143873332477991
dedicate,0.0005143873332477991
defend,0.0005143873332477991
desobedience,0.0005143873332477991
desorganized,0.0005143873332477991
destruction,0.0005143873332477991
develop,0.0005143873332477991
development,0.0005143873332477991
devil,0.0005143873332477991
dideo,0.0005143873332477991
diet,0.0005143873332477991
difference,0.0005143873332477991
diffuse,0.0005143873332477991
dim,0.0005143873332477991
director,0.0005143873332477991
disable,0.0005143873332477991
disaster,0.0005143873332477991
disease,0.0005143873332477991
disgust,0.0005143873332477991
dispose,0.0005143873332477991
distance,0.0005143873332477991
dna,0.0005143873332477991
dock,0.0005143873332477991
dog,0.0005143873332477991
doin,0.0005143873332477991
doorway,0.0005143873332477991
double,0.0005143873332477991
dracula,0.0005143873332477991
drive,0.0005143873332477991
drunk,0.0005143873332477991
earplug,0.0005143873332477991
ease,0.0005143873332477991
edwards,0.0005143873332477991
eh,0.0005143873332477991
elaborate,0.0005143873332477991
emergency,0.0005143873332477991
ensure,0.0005143873332477991
eta,0.0005143873332477991
evaporate,0.0005143873332477991
evidence,0.0005143873332477991
evil,0.0005143873332477991
exception,0.0005143873332477991
expensive,0.0005143873332477991
expertise,0.0005143873332477991
explanation,0.0005143873332477991
extend,0.0005143873332477991
extra,0.0005143873332477991
faa,0.0005143873332477991
facet,0.0005143873332477991
facility,0.0005143873332477991
fail,0.0005143873332477991
fair,0.0005143873332477991
fascination,0.0005143873332477991
fate,0.0005143873332477991
federal,0.0005143873332477991
fetch,0.0005143873332477991
filling,0.0005143873332477991
financial,0.0005143873332477991
flesh,0.0005143873332477991
flow,0.0005143873332477991
flower,0.0005143873332477991
fluid,0.0005143873332477991
frederick,0.0005143873332477991
frog,0.0005143873332477991
fry,0.0005143873332477991
further,0.0005143873332477991
g1139,0.0005143873332477991
gain,0.0005143873332477991
gaspacho,0.0005143873332477991
gene,0.0005143873332477991
generate,0.0005143873332477991
gibbs,0.0005143873332477991
girlfriend,0.0005143873332477991
glad,0.0005143873332477991
glass,0.0005143873332477991
glory,0.0005143873332477991
goal,0.0005143873332477991
goddam,0.0005143873332477991
governeming,0.0005143873332477991
grade,0.0005143873332477991
grandeur,0.0005143873332477991
grief,0.0005143873332477991
grip,0.0005143873332477991
group,0.0005143873332477991
guilty,0.0005143873332477991
gut,0.0005143873332477991
hair,0.0005143873332477991
hanging,0.0005143873332477991
harsh,0.0005143873332477991
haunt,0.0005143873332477991
haupt,0.0005143873332477991
heal,0.0005143873332477991
healthy,0.0005143873332477991
hearing,0.0005143873332477991
heaven,0.0005143873332477991
highly,0.0005143873332477991
hmm,0.0005143873332477991
holding,0.0005143873332477991
hollow,0.0005143873332477991
holly,0.0005143873332477991
honest,0.0005143873332477991
honestly,0.0005143873332477991
hook,0.0005143873332477991
horrible,0.0005143873332477991
humain,0.0005143873332477991
humiliate,0.0005143873332477991
hush,0.0005143873332477991
ice,0.0005143873332477991
identify,0.0005143873332477991
idiot,0.0005143873332477991
illegal,0.0005143873332477991
image,0.0005143873332477991
immediate,0.0005143873332477991
immortal,0.0005143873332477991
impact,0.0005143873332477991
impression,0.0005143873332477991
impressive,0.0005143873332477991
inbound,0.0005143873332477991
increase,0.0005143873332477991
incubate,0.0005143873332477991
indeed,0.0005143873332477991
influence,0.0005143873332477991
infrared,0.0005143873332477991
inhale,0.0005143873332477991
injection,0.0005143873332477991
inner,0.0005143873332477991
instead,0.0005143873332477991
institute,0.0005143873332477991
institution,0.0005143873332477991
intend,0.0005143873332477991
intercept,0.0005143873332477991
introduction,0.0005143873332477991
invade,0.0005143873332477991
iraq,0.0005143873332477991
ja,0.0005143873332477991
johanna,0.0005143873332477991
joke,0.0005143873332477991
kane,0.0005143873332477991
kinda,0.0005143873332477991
king,0.0005143873332477991
knowledge,0.0005143873332477991
lance,0.0005143873332477991
land,0.0005143873332477991
lap,0.0005143873332477991
layer,0.0005143873332477991
leuchimia,0.0005143873332477991
leverage,0.0005143873332477991
limit,0.0005143873332477991
liquid,0.0005143873332477991
lobby,0.0005143873332477991
lodge,0.0005143873332477991
louis,0.0005143873332477991
low,0.0005143873332477991
loyalty,0.0005143873332477991
lunch,0.0005143873332477991
marfit,0.0005143873332477991
marrow,0.0005143873332477991
mask,0.0005143873332477991
master,0.0005143873332477991
masterpiece,0.0005143873332477991
mayor,0.0005143873332477991
meal,0.0005143873332477991
meantime,0.0005143873332477991
med,0.0005143873332477991
medecine,0.0005143873332477991
medium,0.0005143873332477991
melvin,0.0005143873332477991
metabolic,0.0005143873332477991
meter,0.0005143873332477991
midnight,0.0005143873332477991
milano,0.0005143873332477991
mirror,0.0005143873332477991
mock,0.0005143873332477991
modest,0.0005143873332477991
morfit,0.0005143873332477991
morgue,0.0005143873332477991
mortality,0.0005143873332477991
mouth,0.0005143873332477991
movie,0.0005143873332477991
nail,0.0005143873332477991
narrow,0.0005143873332477991
nearly,0.0005143873332477991
needle,0.0005143873332477991
neighbour,0.0005143873332477991
neighbourhood,0.0005143873332477991
neutralize,0.0005143873332477991
nine,0.0005143873332477991
normally,0.0005143873332477991
obese,0.0005143873332477991
oblivious,0.0005143873332477991
obvious,0.0005143873332477991
opportunity,0.0005143873332477991
overfeed,0.0005143873332477991
overlord,0.0005143873332477991
overpass,0.0005143873332477991
pack,0.0005143873332477991
paint,0.0005143873332477991
pancake,0.0005143873332477991
pancho,0.0005143873332477991
parade,0.0005143873332477991
partner,0.0005143873332477991
partnership,0.0005143873332477991
passive,0.0005143873332477991
pdw,0.0005143873332477991
peek,0.0005143873332477991
performance,0.0005143873332477991
perimeter,0.0005143873332477991
permission,0.0005143873332477991
pet,0.0005143873332477991
pilot,0.0005143873332477991
pioneer,0.0005143873332477991
plant,0.0005143873332477991
plate,0.0005143873332477991
player,0.0005143873332477991
pop,0.0005143873332477991
positive,0.0005143873332477991
possibly,0.0005143873332477991
pound,0.0005143873332477991
powerful,0.0005143873332477991
prague,0.0005143873332477991
preach,0.0005143873332477991
pressure,0.0005143873332477991
prick,0.0005143873332477991
prison,0.0005143873332477991
privacy,0.0005143873332477991
privilege,0.0005143873332477991
proceed,0.0005143873332477991
process,0.0005143873332477991
produce,0.0005143873332477991
prominent,0.0005143873332477991
proper,0.0005143873332477991
properly,0.0005143873332477991
proposal,0.0005143873332477991
protein,0.0005143873332477991
proud,0.0005143873332477991
prudent,0.0005143873332477991
psycho,0.0005143873332477991
public,0.0005143873332477991
pump,0.0005143873332477991
punk,0.0005143873332477991
pyac,0.0005143873332477991
rat,0.0005143873332477991
ravenson,0.0005143873332477991
razor,0.0005143873332477991
realy,0.0005143873332477991
rebel,0.0005143873332477991
recapture,0.0005143873332477991
recharge,0.0005143873332477991
recover,0.0005143873332477991
red,0.0005143873332477991
relative,0.0005143873332477991
release,0.0005143873332477991
reliable,0.0005143873332477991
remains,0.0005143873332477991
renaissance,0.0005143873332477991
render,0.0005143873332477991
reopen,0.0005143873332477991
replicate,0.0005143873332477991
reprieve,0.0005143873332477991
request,0.0005143873332477991
restriction,0.0005143873332477991
result,0.0005143873332477991
reverend,0.0005143873332477991
revitalize,0.0005143873332477991
reward,0.0005143873332477991
riffle,0.0005143873332477991
rifle,0.0005143873332477991
ring,0.0005143873332477991
river,0.0005143873332477991
road,0.0005143873332477991
rob,0.0005143873332477991
robbery,0.0005143873332477991
rupture,0.0005143873332477991
rush,0.0005143873332477991
rusk,0.0005143873332477991
sacre,0.0005143873332477991
sacrifice,0.0005143873332477991
sad,0.0005143873332477991
sake,0.0005143873332477991
salvage,0.0005143873332477991
savage,0.0005143873332477991
scale,0.0005143873332477991
scar,0.0005143873332477991
scary,0.0005143873332477991
scene,0.0005143873332477991
schedule,0.0005143873332477991
schultz,0.0005143873332477991
science,0.0005143873332477991
scientist,0.0005143873332477991
scope,0.0005143873332477991
scrambler,0.0005143873332477991
search,0.0005143873332477991
seat,0.0005143873332477991
sec,0.0005143873332477991
section,0.0005143873332477991
seraph,0.0005143873332477991
sergent,0.0005143873332477991
servant,0.0005143873332477991
service,0.0005143873332477991
severe,0.0005143873332477991
shake,0.0005143873332477991
shall,0.0005143873332477991
shh,0.0005143873332477991
shine,0.0005143873332477991
shotgun,0.0005143873332477991
shoulder,0.0005143873332477991
sight,0.0005143873332477991
sing,0.0005143873332477991
singe,0.0005143873332477991
situation,0.0005143873332477991
skull,0.0005143873332477991
slack,0.0005143873332477991
sleepy,0.0005143873332477991
slight,0.0005143873332477991
slim,0.0005143873332477991
smug,0.0005143873332477991
sniper,0.0005143873332477991
socalled,0.0005143873332477991
sociopath,0.0005143873332477991
solo,0.0005143873332477991
soures,0.0005143873332477991
south,0.0005143873332477991
speed,0.0005143873332477991
spoke,0.0005143873332477991
spree,0.0005143873332477991
stain,0.0005143873332477991
stash,0.0005143873332477991
steppin,0.0005143873332477991
stone,0.0005143873332477991
strain,0.0005143873332477991
strange,0.0005143873332477991
stray,0.0005143873332477991
student,0.0005143873332477991
sturges,0.0005143873332477991
substance,0.0005143873332477991
suddendly,0.0005143873332477991
suggest,0.0005143873332477991
suicide,0.0005143873332477991
supplier,0.0005143873332477991
sweet,0.0005143873332477991
symbol,0.0005143873332477991
symptom,0.0005143873332477991
synapse,0.0005143873332477991
tab,0.0005143873332477991
tattoo,0.0005143873332477991
temporary,0.0005143873332477991
tempt,0.0005143873332477991
tenth,0.0005143873332477991
terrible,0.0005143873332477991
texas,0.0005143873332477991
thankful,0.0005143873332477991
theater,0.0005143873332477991
themselves,0.0005143873332477991
thristy,0.0005143873332477991
tick,0.0005143873332477991
tone,0.0005143873332477991
tool,0.0005143873332477991
tour,0.0005143873332477991
towel,0.0005143873332477991
toy,0.0005143873332477991
traffic,0.0005143873332477991
traitor,0.0005143873332477991
transform,0.0005143873332477991
transplant,0.0005143873332477991
trap,0.0005143873332477991
trash,0.0005143873332477991
trigger,0.0005143873332477991
trucker,0.0005143873332477991
twenty,0.0005143873332477991
twin,0.0005143873332477991
ultrasonic,0.0005143873332477991
unborn,0.0005143873332477991
undead,0.0005143873332477991
unite,0.0005143873332477991
untill,0.0005143873332477991
upgrade,0.0005143873332477991
usual,0.0005143873332477991
vacation,0.0005143873332477991
vain,0.0005143873332477991
ventilation,0.0005143873332477991
venture,0.0005143873332477991
vial,0.0005143873332477991
village,0.0005143873332477991
visitor,0.0005143873332477991
wall,0.0005143873332477991
wannabe,0.0005143873332477991
wasteful,0.0005143873332477991
water,0.0005143873332477991
weak,0.0005143873332477991
werewolf,0.0005143873332477991
wild,0.0005143873332477991
wind,0.0005143873332477991
worth,0.0005143873332477991
wrap,0.0005143873332477991
youth,0.0005143873332477991
zoo,0.0005143873332477991
000,0.00025719366662389954
100,0.00025719366662389954
102,0.00025719366662389954
103,0.00025719366662389954
104,0.00025719366662389954
105,0.00025719366662389954
106,0.00025719366662389954
107,0.00025719366662389954
108,0.00025719366662389954
109,0.00025719366662389954
110,0.00025719366662389954
111,0.00025719366662389954
112,0.00025719366662389954
12,0.00025719366662389954
123rd,0.00025719366662389954
140,0.00025719366662389954
1500,0.00025719366662389954
15th,0.00025719366662389954
16th,0.00025719366662389954
18,0.00025719366662389954
1900s,0.00025719366662389954
1981,0.00025719366662389954
20,0.00025719366662389954
200,0.00025719366662389954
20th,0.00025719366662389954
22,0.00025719366662389954
22nd,0.00025719366662389954
24,0.00025719366662389954
26,0.00025719366662389954
27,0.00025719366662389954
319,0.00025719366662389954
36,0.00025719366662389954
52,0.00025719366662389954
60,0.00025719366662389954
6th,0.00025719366662389954
78,0.00025719366662389954
90,0.00025719366662389954
9000,0.00025719366662389954
98,0.00025719366662389954
aah,0.00025719366662389954
abandon,0.00025719366662389954
abnormality,0.00025719366662389954
aboard,0.00025719366662389954
acceed,0.00025719366662389954
accomodate,0.00025719366662389954
accompany,0.00025719366662389954
ach,0.00025719366662389954
acquaintance,0.00025719366662389954
adam,0.00025719366662389954
add,0.00025719366662389954
addiction,0.00025719366662389954
addition,0.00025719366662389954
additional,0.00025719366662389954
additonnal,0.00025719366662389954
adminity,0.00025719366662389954
admire,0.00025719366662389954
admit,0.00025719366662389954
advantage,0.00025719366662389954
advice,0.00025719366662389954
affect,0.00025719366662389954
afford,0.00025719366662389954
afpe,0.00025719366662389954
ahh,0.00025719366662389954
ahold,0.00025719366662389954
alarm,0.00025719366662389954
alert,0.00025719366662389954
allez,0.00025719366662389954
allison,0.00025719366662389954
allowance,0.00025719366662389954
alpha,0.00025719366662389954
although,0.00025719366662389954
amateur,0.00025719366662389954
ambition,0.00025719366662389954
ambush,0.00025719366662389954
amids,0.00025719366662389954
ammo,0.00025719366662389954
amnesty,0.00025719366662389954
amniocentisis,0.00025719366662389954
amnosynthesis,0.00025719366662389954
among,0.00025719366662389954
amp,0.00025719366662389954
an,0.00025719366662389954
ancient,0.00025719366662389954
andy,0.00025719366662389954
answere,0.00025719366662389954
antiseptic,0.00025719366662389954
apauling,0.00025719366662389954
appear,0.00025719366662389954
appetizer,0.00025719366662389954
appoint,0.00025719366662389954
appointment,0.00025719366662389954
appreciate,0.00025719366662389954
appreciation,0.00025719366662389954
aqually,0.00025719366662389954
aramayan,0.00025719366662389954
archive,0.00025719366662389954
armless,0.00025719366662389954
arrival,0.00025719366662389954
artery,0.00025719366662389954
aside,0.00025719366662389954
aspect,0.00025719366662389954
aspirine,0.00025719366662389954
assassination,0.00025719366662389954
assesming,0.00025719366662389954
assessment,0.00025719366662389954
assistant,0.00025719366662389954
atom,0.00025719366662389954
attend,0.00025719366662389954
attest,0.00025719366662389954
attractive,0.00025719366662389954
au,0.00025719366662389954
audit,0.00025719366662389954
automobile,0.00025719366662389954
avenge,0.00025719366662389954
avenger,0.00025719366662389954
awake,0.00025719366662389954
awarr,0.00025719366662389954
awesome,0.00025719366662389954
awol,0.00025719366662389954
babble,0.00025719366662389954
backstab,0.00025719366662389954
backward,0.00025719366662389954
bacon,0.00025719366662389954
badada,0.00025719366662389954
bags,0.00025719366662389954
bahi,0.00025719366662389954
bane,0.00025719366662389954
bang,0.00025719366662389954
bartender,0.00025719366662389954
barton,0.00025719366662389954
bat,0.00025719366662389954
bataillon,0.00025719366662389954
bath,0.00025719366662389954
battle,0.00025719366662389954
battlefield,0.00025719366662389954
bean,0.00025719366662389954
beedy,0.00025719366662389954
beg,0.00025719366662389954
behold,0.00025719366662389954
beholden,0.00025719366662389954
belt,0.00025719366662389954
benath,0.00025719366662389954
berganza,0.00025719366662389954
bide,0.00025719366662389954
bingo,0.00025719366662389954
bishop,0.00025719366662389954
bitterness,0.00025719366662389954
blackmail,0.00025719366662389954
blacksmith,0.00025719366662389954
blanket,0.00025719366662389954
blasphemy,0.00025719366662389954
bling,0.00025719366662389954
bloodline,0.00025719366662389954
bloodsuck,0.00025719366662389954
bloody,0.00025719366662389954
blunt,0.00025719366662389954
blurried,0.00025719366662389954
bolt,0.00025719366662389954
bonjour,0.00025719366662389954
bonus,0.00025719366662389954
borrowing,0.00025719366662389954
bottle,0.00025719366662389954
bottom,0.00025719366662389954
box,0.00025719366662389954
boxton,0.00025719366662389954
boyscout,0.00025719366662389954
brag,0.00025719366662389954
brathering,0.00025719366662389954
breach,0.00025719366662389954
breadwinner,0.00025719366662389954
brief,0.00025719366662389954
bristol,0.00025719366662389954
british,0.00025719366662389954
broad,0.00025719366662389954
broker,0.00025719366662389954
bucket,0.00025719366662389954
budge,0.00025719366662389954
buffet,0.00025719366662389954
bug,0.00025719366662389954
bull,0.00025719366662389954
bunch,0.00025719366662389954
burry,0.00025719366662389954
bury,0.00025719366662389954
bus,0.00025719366662389954
butterfly,0.00025719366662389954
buyer,0.00025719366662389954
bye,0.00025719366662389954
byproduct,0.00025719366662389954
cage,0.00025719366662389954
calendar,0.00025719366662389954
calibrate,0.00025719366662389954
camera,0.00025719366662389954
cancer,0.00025719366662389954
cancun,0.00025719366662389954
candidate,0.00025719366662389954
canibalism,0.00025719366662389954
cap,0.00025719366662389954
carrier,0.00025719366662389954
cash,0.00025719366662389954
cashier,0.00025719366662389954
casino,0.00025719366662389954
castle,0.00025719366662389954
castrate,0.00025719366662389954
cat,0.00025719366662389954
caution,0.00025719366662389954
cautious,0.00025719366662389954
cavalery,0.00025719366662389954
ccompletely,0.00025719366662389954
celled,0.00025719366662389954
cesar,0.00025719366662389954
chain,0.00025719366662389954
challenge,0.00025719366662389954
champagne,0.00025719366662389954
chant,0.00025719366662389954
chat,0.00025719366662389954
cheat,0.00025719366662389954
cheater,0.00025719366662389954
checkmate,0.00025719366662389954
checkup,0.00025719366662389954
cheese,0.00025719366662389954
chemistry,0.00025719366662389954
chess,0.00025719366662389954
chickflick,0.00025719366662389954
childhood,0.00025719366662389954
chimio,0.00025719366662389954
chit,0.00025719366662389954
christmas,0.00025719366662389954
chronic,0.00025719366662389954
church,0.00025719366662389954
ciment,0.00025719366662389954
cincinatti,0.00025719366662389954
cleanse,0.00025719366662389954
clearing,0.00025719366662389954
click,0.00025719366662389954
client,0.00025719366662389954
clientele,0.00025719366662389954
clinic,0.00025719366662389954
clip,0.00025719366662389954
closer,0.00025719366662389954
closet,0.00025719366662389954
clothes,0.00025719366662389954
coast,0.00025719366662389954
coerce,0.00025719366662389954
collapse,0.00025719366662389954
collection,0.00025719366662389954
collusion,0.00025719366662389954
color,0.00025719366662389954
coma,0.00025719366662389954
comb,0.00025719366662389954
combustion,0.00025719366662389954
comdo,0.00025719366662389954
comfort,0.00025719366662389954
comic,0.00025719366662389954
commence,0.00025719366662389954
community,0.00025719366662389954
compare,0.00025719366662389954
comport,0.00025719366662389954
compressor,0.00025719366662389954
conclude,0.00025719366662389954
conclusion,0.00025719366662389954
concrete,0.00025719366662389954
condoleance,0.00025719366662389954
confirm,0.00025719366662389954
congratulations,0.00025719366662389954
conquer,0.00025719366662389954
consciouness,0.00025719366662389954
conscious,0.00025719366662389954
conservative,0.00025719366662389954
considerate,0.00025719366662389954
consistant,0.00025719366662389954
conspiracy,0.00025719366662389954
consult,0.00025719366662389954
consume,0.00025719366662389954
context,0.00025719366662389954
continual,0.00025719366662389954
contract,0.00025719366662389954
convince,0.00025719366662389954
core,0.00025719366662389954
corner,0.00025719366662389954
cornfed,0.00025719366662389954
coroner,0.00025719366662389954
corpse,0.00025719366662389954
cosby,0.00025719366662389954
costing,0.00025719366662389954
couch,0.00025719366662389954
cough,0.00025719366662389954
council,0.00025719366662389954
counter,0.00025719366662389954
county,0.00025719366662389954
coup,0.00025719366662389954
court,0.00025719366662389954
covering,0.00025719366662389954
cow,0.00025719366662389954
cower,0.00025719366662389954
cream,0.00025719366662389954
create,0.00025719366662389954
creek,0.00025719366662389954
cripple,0.00025719366662389954
crossfire,0.00025719366662389954
crossroad,0.00025719366662389954
crypt,0.00025719366662389954
cubscout,0.00025719366662389954
cue,0.00025719366662389954
cuisine,0.00025719366662389954
curative,0.00025719366662389954
currency,0.00025719366662389954
current,0.00025719366662389954
custody,0.00025719366662389954
custom,0.00025719366662389954
cytoxin,0.00025719366662389954
damage,0.00025719366662389954
dance,0.00025719366662389954
dany,0.00025719366662389954
database,0.00025719366662389954
datum,0.00025719366662389954
daybreak,0.00025719366662389954
de,0.00025719366662389954
deadline,0.00025719366662389954
dealing,0.00025719366662389954
decline,0.00025719366662389954
decompose,0.00025719366662389954
deed,0.00025719366662389954
defect,0.00025719366662389954
degenerate,0.00025719366662389954
degree,0.00025719366662389954
delight,0.00025719366662389954
delightful,0.00025719366662389954
delusion,0.00025719366662389954
demon,0.00025719366662389954
department,0.00025719366662389954
derek,0.00025719366662389954
descent,0.00025719366662389954
describe,0.00025719366662389954
description,0.00025719366662389954
desillusion,0.00025719366662389954
despicable,0.00025719366662389954
despite,0.00025719366662389954
detour,0.00025719366662389954
detox,0.00025719366662389954
developping,0.00025719366662389954
deviation,0.00025719366662389954
dialisys,0.00025719366662389954
diddn,0.00025719366662389954
differ,0.00025719366662389954
difficulty,0.00025719366662389954
dipshit,0.00025719366662389954
direct,0.00025719366662389954
disappoint,0.00025719366662389954
disarray,0.00025719366662389954
discomfort,0.00025719366662389954
discretion,0.00025719366662389954
discussion,0.00025719366662389954
disembowel,0.00025719366662389954
disfigure,0.00025719366662389954
dislocation,0.00025719366662389954
disorder,0.00025719366662389954
dispatcher,0.00025719366662389954
disperse,0.00025719366662389954
dissectr,0.00025719366662389954
distinct,0.00025719366662389954
distract,0.00025719366662389954
ditch,0.00025719366662389954
divinity,0.00025719366662389954
divorce,0.00025719366662389954
doah,0.00025719366662389954
document,0.00025719366662389954
dolasetron,0.00025719366662389954
domestic,0.00025719366662389954
domination,0.00025719366662389954
donald,0.00025719366662389954
donne,0.00025719366662389954
donner,0.00025719366662389954
dope,0.00025719366662389954
doublecross,0.00025719366662389954
drape,0.00025719366662389954
drift,0.00025719366662389954
drown,0.00025719366662389954
drowning,0.00025719366662389954
dry,0.00025719366662389954
duct,0.00025719366662389954
due,0.00025719366662389954
dumbass,0.00025719366662389954
during,0.00025719366662389954
dusk,0.00025719366662389954
eager,0.00025719366662389954
eanus,0.00025719366662389954
ear,0.00025719366662389954
earn,0.00025719366662389954
egg,0.00025719366662389954
element,0.00025719366662389954
elementary,0.00025719366662389954
eliminate,0.00025719366662389954
elise,0.00025719366662389954
elite,0.00025719366662389954
ellis,0.00025719366662389954
emotion,0.00025719366662389954
emotional,0.00025719366662389954
empathy,0.00025719366662389954
employment,0.00025719366662389954
empty,0.00025719366662389954
encounted,0.00025719366662389954
encounter,0.00025719366662389954
ending,0.00025719366662389954
endure,0.00025719366662389954
engineer,0.00025719366662389954
enjoyable,0.00025719366662389954
enlist,0.00025719366662389954
ennemi,0.00025719366662389954
enter,0.00025719366662389954
enterprise,0.00025719366662389954
entertain,0.00025719366662389954
entrails,0.00025719366662389954
entrance,0.00025719366662389954
environment,0.00025719366662389954
environmental,0.00025719366662389954
equalizer,0.00025719366662389954
error,0.00025719366662389954
escalate,0.00025719366662389954
escape,0.00025719366662389954
essence,0.00025719366662389954
estate,0.00025719366662389954
europe,0.00025719366662389954
evaluator,0.00025719366662389954
eventual,0.00025719366662389954
everyday,0.00025719366662389954
exact,0.00025719366662389954
example,0.00025719366662389954
excellent,0.00025719366662389954
excite,0.00025719366662389954
exclude,0.00025719366662389954
excruciating,0.00025719366662389954
excusez,0.00025719366662389954
execute,0.00025719366662389954
existence,0.00025719366662389954
exploit,0.00025719366662389954
exposure,0.00025719366662389954
extensive,0.00025719366662389954
ey,0.00025719366662389954
eyebrow,0.00025719366662389954
factor,0.00025719366662389954
fade,0.00025719366662389954
fairly,0.00025719366662389954
fan,0.00025719366662389954
fault,0.00025719366662389954
feather,0.00025719366662389954
feds,0.00025719366662389954
fell,0.00025719366662389954
femoral,0.00025719366662389954
fence,0.00025719366662389954
fiction,0.00025719366662389954
field,0.00025719366662389954
fifth,0.00025719366662389954
fill,0.00025719366662389954
filth,0.00025719366662389954
filthy,0.00025719366662389954
finale,0.00025719366662389954
finalize,0.00025719366662389954
firm,0.00025719366662389954
fish,0.00025719366662389954
fishing,0.00025719366662389954
fistful,0.00025719366662389954
fit,0.00025719366662389954
fixe,0.00025719366662389954
fl,0.00025719366662389954
flame,0.00025719366662389954
flash,0.00025719366662389954
fleest,0.00025719366662389954
fly,0.00025719366662389954
flyer,0.00025719366662389954
folk,0.00025719366662389954
folly,0.00025719366662389954
foodchain,0.00025719366662389954
fool,0.00025719366662389954
foot,0.00025719366662389954
fortunate,0.00025719366662389954
foul,0.00025719366662389954
foundation,0.00025719366662389954
foundry,0.00025719366662389954
fracture,0.00025719366662389954
france,0.00025719366662389954
franck,0.00025719366662389954
frankly,0.00025719366662389954
freedom,0.00025719366662389954
freeloader,0.00025719366662389954
freeze,0.00025719366662389954
friendship,0.00025719366662389954
frown,0.00025719366662389954
fruit,0.00025719366662389954
fuck,0.00025719366662389954
fuel,0.00025719366662389954
furniture,0.00025719366662389954
gamble,0.00025719366662389954
garrett,0.00025719366662389954
gat,0.00025719366662389954
gathering,0.00025719366662389954
gaz,0.00025719366662389954
gender,0.00025719366662389954
general,0.00025719366662389954
generalization,0.00025719366662389954
genom,0.00025719366662389954
germain,0.00025719366662389954
german,0.00025719366662389954
gerrard,0.00025719366662389954
gettysburg,0.00025719366662389954
gig,0.00025719366662389954
gille,0.00025719366662389954
gladiator,0.00025719366662389954
global,0.00025719366662389954
golden,0.00025719366662389954
goldy,0.00025719366662389954
gonnesse,0.00025719366662389954
goodbye,0.00025719366662389954
goose,0.00025719366662389954
govern,0.00025719366662389954
government,0.00025719366662389954
gps,0.00025719366662389954
grace,0.00025719366662389954
grandmother,0.00025719366662389954
grant,0.00025719366662389954
gratitude,0.00025719366662389954
gray,0.00025719366662389954
grounding,0.00025719366662389954
gsw,0.00025719366662389954
guarde,0.00025719366662389954
guide,0.00025719366662389954
guilt,0.00025719366662389954
halfly,0.00025719366662389954
halfway,0.00025719366662389954
hall,0.00025719366662389954
hallow,0.00025719366662389954
hallucination,0.00025719366662389954
hammer,0.00025719366662389954
handling,0.00025719366662389954
happily,0.00025719366662389954
hardball,0.00025719366662389954
hardly,0.00025719366662389954
hardware,0.00025719366662389954
hardwood,0.00025719366662389954
harvester,0.00025719366662389954
hd,0.00025719366662389954
heading,0.00025719366662389954
heavily,0.00025719366662389954
height,0.00025719366662389954
helper,0.00025719366662389954
hepathitis,0.00025719366662389954
hepissed,0.00025719366662389954
herbal,0.00025719366662389954
hers,0.00025719366662389954
herself,0.00025719366662389954
hesitate,0.00025719366662389954
hierarchy,0.00025719366662389954
hightened,0.00025719366662389954
hike,0.00025719366662389954
hire,0.00025719366662389954
hm,0.00025719366662389954
homeless,0.00025719366662389954
homework,0.00025719366662389954
homicidal,0.00025719366662389954
hong,0.00025719366662389954
horn,0.00025719366662389954
horse,0.00025719366662389954
hostility,0.00025719366662389954
hotel,0.00025719366662389954
hotter,0.00025719366662389954
houseware,0.00025719366662389954
huff,0.00025719366662389954
humor,0.00025719366662389954
ignition,0.00025719366662389954
illinois,0.00025719366662389954
illusion,0.00025719366662389954
imaging,0.00025719366662389954
immeasurably,0.00025719366662389954
implication,0.00025719366662389954
importance,0.00025719366662389954
include,0.00025719366662389954
inclusion,0.00025719366662389954
incoming,0.00025719366662389954
incorporate,0.00025719366662389954
incredibly,0.00025719366662389954
incubator,0.00025719366662389954
indulgence,0.00025719366662389954
indulgent,0.00025719366662389954
inevitable,0.00025719366662389954
inform,0.00025719366662389954
informant,0.00025719366662389954
innocent,0.00025719366662389954
insist,0.00025719366662389954
inspire,0.00025719366662389954
install,0.00025719366662389954
insticts,0.00025719366662389954
insult,0.00025719366662389954
intentional,0.00025719366662389954
interface,0.00025719366662389954
interference,0.00025719366662389954
internal,0.00025719366662389954
interruption,0.00025719366662389954
investigator,0.00025719366662389954
invigorate,0.00025719366662389954
invite,0.00025719366662389954
involvement,0.00025719366662389954
irreclusive,0.00025719366662389954
isolate,0.00025719366662389954
issue,0.00025719366662389954
jaberish,0.00025719366662389954
jacket,0.00025719366662389954
jaw,0.00025719366662389954
jealous,0.00025719366662389954
jennifer,0.00025719366662389954
jessica,0.00025719366662389954
jibber,0.00025719366662389954
jihad,0.00025719366662389954
johnny,0.00025719366662389954
joint,0.00025719366662389954
journey,0.00025719366662389954
joy,0.00025719366662389954
ju,0.00025719366662389954
judge,0.00025719366662389954
judgement,0.00025719366662389954
juicy,0.00025719366662389954
junior,0.00025719366662389954
justice,0.00025719366662389954
kansas,0.00025719366662389954
keenship,0.00025719366662389954
keg,0.00025719366662389954
kidnapping,0.00025719366662389954
kingdom,0.00025719366662389954
kiss,0.00025719366662389954
kitchen,0.00025719366662389954
knight,0.00025719366662389954
kong,0.00025719366662389954
krainze,0.00025719366662389954
lacerate,0.00025719366662389954
lack,0.00025719366662389954
ladder,0.00025719366662389954
lane,0.00025719366662389954
langrish,0.00025719366662389954
laptop,0.00025719366662389954
larynx,0.00025719366662389954
laser,0.00025719366662389954
lately,0.00025719366662389954
laughe,0.00025719366662389954
launder,0.00025719366662389954
lawyer,0.00025719366662389954
leash,0.00025719366662389954
leftover,0.00025719366662389954
leg,0.00025719366662389954
legitimate,0.00025719366662389954
leon,0.00025719366662389954
level,0.00025719366662389954
liability,0.00025719366662389954
likely,0.00025719366662389954
likelyhood,0.00025719366662389954
lime,0.00025719366662389954
limp,0.00025719366662389954
lion,0.00025719366662389954
locate,0.00025719366662389954
london,0.00025719366662389954
lonely,0.00025719366662389954
loosen,0.00025719366662389954
lotus,0.00025719366662389954
lover,0.00025719366662389954
loyal,0.00025719366662389954
lu,0.00025719366662389954
luckily,0.00025719366662389954
lunar,0.00025719366662389954
lurch,0.00025719366662389954
lymphocytic,0.00025719366662389954
machine,0.00025719366662389954
magic,0.00025719366662389954
magical,0.00025719366662389954
male,0.00025719366662389954
malinger,0.00025719366662389954
manner,0.00025719366662389954
mannix,0.00025719366662389954
manucure,0.00025719366662389954
manufacturer,0.00025719366662389954
marinate,0.00025719366662389954
market,0.00025719366662389954
maze,0.00025719366662389954
meaningless,0.00025719366662389954
meanus,0.00025719366662389954
meditate,0.00025719366662389954
meds,0.00025719366662389954
mention,0.00025719366662389954
mentionner,0.00025719366662389954
mercy,0.00025719366662389954
mere,0.00025719366662389954
metabolize,0.00025719366662389954
metal,0.00025719366662389954
methodology,0.00025719366662389954
metonic,0.00025719366662389954
minimum,0.00025719366662389954
miracle,0.00025719366662389954
mister,0.00025719366662389954
momentary,0.00025719366662389954
monumental,0.00025719366662389954
morphine,0.00025719366662389954
motorisation,0.00025719366662389954
mover,0.00025719366662389954
ms,0.00025719366662389954
munchies,0.00025719366662389954
murderer,0.00025719366662389954
mutilate,0.00025719366662389954
mystery,0.00025719366662389954
nagasaki,0.00025719366662389954
nametags,0.00025719366662389954
nap,0.00025719366662389954
napster,0.00025719366662389954
narrative,0.00025719366662389954
nasty,0.00025719366662389954
nat,0.00025719366662389954
near,0.00025719366662389954
necessary,0.00025719366662389954
necessity,0.00025719366662389954
negative,0.00025719366662389954
negligeable,0.00025719366662389954
negociate,0.00025719366662389954
negociating,0.00025719366662389954
negotiate,0.00025719366662389954
neighboor,0.00025719366662389954
nephew,0.00025719366662389954
neurotube,0.00025719366662389954
nevada,0.00025719366662389954
nevertheless,0.00025719366662389954
newcomer,0.00025719366662389954
nicki,0.00025719366662389954
nobleman,0.00025719366662389954
noise,0.00025719366662389954
noisy,0.00025719366662389954
nomad,0.00025719366662389954
non,0.00025719366662389954
nonetheless,0.00025719366662389954
noon,0.00025719366662389954
nor,0.00025719366662389954
notch,0.00025719366662389954
nut,0.00025719366662389954
nutrient,0.00025719366662389954
nutrionally,0.00025719366662389954
object,0.00025719366662389954
occasional,0.00025719366662389954
occur,0.00025719366662389954
occurence,0.00025719366662389954
ocean,0.00025719366662389954
odd,0.00025719366662389954
oddly,0.00025719366662389954
odds,0.00025719366662389954
official,0.00025719366662389954
often,0.00025719366662389954
operate,0.00025719366662389954
opponent,0.00025719366662389954
oppressive,0.00025719366662389954
optimistic,0.00025719366662389954
option,0.00025719366662389954
ordain,0.00025719366662389954
original,0.00025719366662389954
oughta,0.00025719366662389954
outburst,0.00025719366662389954
outline,0.00025719366662389954
outrageous,0.00025719366662389954
overeasy,0.00025719366662389954
oversee,0.00025719366662389954
overwhelm,0.00025719366662389954
oxygen,0.00025719366662389954
painful,0.00025719366662389954
pair,0.00025719366662389954
palace,0.00025719366662389954
palate,0.00025719366662389954
pan,0.00025719366662389954
paralyse,0.00025719366662389954
parish,0.00025719366662389954
path,0.00025719366662389954
pathetic,0.00025719366662389954
pathogen,0.00025719366662389954
patricia,0.00025719366662389954
pawn,0.00025719366662389954
payback,0.00025719366662389954
paycheck,0.00025719366662389954
payphone,0.00025719366662389954
pbx,0.00025719366662389954
peace,0.00025719366662389954
peak,0.00025719366662389954
peep,0.00025719366662389954
peg,0.00025719366662389954
pen,0.00025719366662389954
pennsylvania,0.00025719366662389954
pentagram,0.00025719366662389954
perfection,0.00025719366662389954
perk,0.00025719366662389954
permanent,0.00025719366662389954
perp,0.00025719366662389954
perspective,0.00025719366662389954
pete,0.00025719366662389954
phantom,0.00025719366662389954
photograph,0.00025719366662389954
picky,0.00025719366662389954
picture,0.00025719366662389954
pie,0.00025719366662389954
pin,0.00025719366662389954
pipe,0.00025719366662389954
pit,0.00025719366662389954
pizza,0.00025719366662389954
plasma,0.00025719366662389954
plaything,0.00025719366662389954
plead,0.00025719366662389954
pleasant,0.00025719366662389954
pleasurable,0.00025719366662389954
pluck,0.00025719366662389954
pocket,0.00025719366662389954
pollute,0.00025719366662389954
pollution,0.00025719366662389954
pony,0.00025719366662389954
popcorn,0.00025719366662389954
position,0.00025719366662389954
possess,0.00025719366662389954
potent,0.00025719366662389954
pour,0.00025719366662389954
precaution,0.00025719366662389954
predictable,0.00025719366662389954
predozon,0.00025719366662389954
prefer,0.00025719366662389954
preparation,0.00025719366662389954
presentation,0.00025719366662389954
presume,0.00025719366662389954
prevent,0.00025719366662389954
pride,0.00025719366662389954
prime,0.00025719366662389954
printout,0.00025719366662389954
prior,0.00025719366662389954
prisonner,0.00025719366662389954
proclaime,0.00025719366662389954
product,0.00025719366662389954
production,0.00025719366662389954
productive,0.00025719366662389954
profile,0.00025719366662389954
program,0.00025719366662389954
progress,0.00025719366662389954
pronounce,0.00025719366662389954
prop,0.00025719366662389954
protege,0.00025719366662389954
protest,0.00025719366662389954
protistutes,0.00025719366662389954
protocol,0.00025719366662389954
pry,0.00025719366662389954
psychopath,0.00025719366662389954
psyzophrenic,0.00025719366662389954
publically,0.00025719366662389954
puff,0.00025719366662389954
pulse,0.00025719366662389954
punch,0.00025719366662389954
puppet,0.00025719366662389954
purpose,0.00025719366662389954
pusher,0.00025719366662389954
puzic,0.00025719366662389954
pyridazine,0.00025719366662389954
qualify,0.00025719366662389954
race,0.00025719366662389954
radio,0.00025719366662389954
rage,0.00025719366662389954
rai,0.00025719366662389954
rail,0.00025719366662389954
rare,0.00025719366662389954
raver,0.00025719366662389954
react,0.00025719366662389954
reaction,0.00025719366662389954
reak,0.00025719366662389954
reaks,0.00025719366662389954
reality,0.00025719366662389954
rear,0.00025719366662389954
reborn,0.00025719366662389954
recall,0.00025719366662389954
recipe,0.00025719366662389954
reckon,0.00025719366662389954
reconcile,0.00025719366662389954
reconsider,0.00025719366662389954
redemption,0.00025719366662389954
reemerge,0.00025719366662389954
reffers,0.00025719366662389954
refit,0.00025719366662389954
refuge,0.00025719366662389954
refusal,0.00025719366662389954
regenerate,0.00025719366662389954
register,0.00025719366662389954
rehab,0.00025719366662389954
reinstatement,0.00025719366662389954
relic,0.00025719366662389954
relieve,0.00025719366662389954
rematch,0.00025719366662389954
reminant,0.00025719366662389954
reno,0.00025719366662389954
renovate,0.00025719366662389954
renovation,0.00025719366662389954
rental,0.00025719366662389954
repeat,0.00025719366662389954
replacible,0.00025719366662389954
replication,0.00025719366662389954
represent,0.00025719366662389954
requirement,0.00025719366662389954
reservation,0.00025719366662389954
respectable,0.00025719366662389954
responsability,0.00025719366662389954
responsible,0.00025719366662389954
ressource,0.00025719366662389954
restauration,0.00025719366662389954
retaliation,0.00025719366662389954
retina,0.00025719366662389954
retinal,0.00025719366662389954
retune,0.00025719366662389954
reveal,0.00025719366662389954
revert,0.00025719366662389954
revoir,0.00025719366662389954
revolution,0.00025719366662389954
rewind,0.00025719366662389954
ric,0.00025719366662389954
rich,0.00025719366662389954
rightful,0.00025719366662389954
rio,0.00025719366662389954
rnd,0.00025719366662389954
roast,0.00025719366662389954
rog,0.00025719366662389954
root,0.00025719366662389954
rose,0.00025719366662389954
rotten,0.00025719366662389954
round,0.00025719366662389954
route,0.00025719366662389954
rover,0.00025719366662389954
royal,0.00025719366662389954
royalty,0.00025719366662389954
rude,0.00025719366662389954
ruffle,0.00025719366662389954
rummage,0.00025719366662389954
rumor,0.00025719366662389954
runaway,0.00025719366662389954
sacara,0.00025719366662389954
sadism,0.00025719366662389954
safeguard,0.00025719366662389954
safely,0.00025719366662389954
sara,0.00025719366662389954
sassy,0.00025719366662389954
saturday,0.00025719366662389954
scanner,0.00025719366662389954
scoop,0.00025719366662389954
scratch,0.00025719366662389954
scrowny,0.00025719366662389954
scurge,0.00025719366662389954
season,0.00025719366662389954
seattle,0.00025719366662389954
secondary,0.00025719366662389954
secretarial,0.00025719366662389954
secretary,0.00025719366662389954
secretly,0.00025719366662389954
seed,0.00025719366662389954
self,0.00025719366662389954
senator,0.00025719366662389954
sensor,0.00025719366662389954
sentimental,0.00025719366662389954
separate,0.00025719366662389954
sequence,0.00025719366662389954
serdic,0.00025719366662389954
serenity,0.00025719366662389954
serv,0.00025719366662389954
serving,0.00025719366662389954
seventy,0.00025719366662389954
several,0.00025719366662389954
sewer,0.00025719366662389954
sexy,0.00025719366662389954
shaker,0.00025719366662389954
shawn,0.00025719366662389954
shed,0.00025719366662389954
sheep,0.00025719366662389954
shelter,0.00025719366662389954
shipment,0.00025719366662389954
shitless,0.00025719366662389954
shitty,0.00025719366662389954
shorthand,0.00025719366662389954
shower,0.00025719366662389954
shuting,0.00025719366662389954
sibbling,0.00025719366662389954
sidekick,0.00025719366662389954
sideshow,0.00025719366662389954
sideways,0.00025719366662389954
signal,0.00025719366662389954
signature,0.00025719366662389954
silence,0.00025719366662389954
similarity,0.00025719366662389954
simplicity,0.00025719366662389954
sims,0.00025719366662389954
sin,0.00025719366662389954
sincere,0.00025719366662389954
sinister,0.00025719366662389954
sis,0.00025719366662389954
sitting,0.00025719366662389954
six,0.00025719366662389954
slaughterhouse,0.00025719366662389954
sleeper,0.00025719366662389954
slice,0.00025719366662389954
slip,0.00025719366662389954
slow,0.00025719366662389954
smack,0.00025719366662389954
smash,0.00025719366662389954
smoking,0.00025719366662389954
snake,0.00025719366662389954
snap,0.00025719366662389954
sneaky,0.00025719366662389954
snort,0.00025719366662389954
sober,0.00025719366662389954
soccer,0.00025719366662389954
social,0.00025719366662389954
soft,0.00025719366662389954
solace,0.00025719366662389954
sometime,0.00025719366662389954
somewh,0.00025719366662389954
sonogram,0.00025719366662389954
sordid,0.00025719366662389954
sorrow,0.00025719366662389954
sourness,0.00025719366662389954
spare,0.00025719366662389954
spearfith,0.00025719366662389954
specialist,0.00025719366662389954
specialty,0.00025719366662389954
species,0.00025719366662389954
specifically,0.00025719366662389954
specification,0.00025719366662389954
speculation,0.00025719366662389954
spill,0.00025719366662389954
spirit,0.00025719366662389954
splendid,0.00025719366662389954
splinter,0.00025719366662389954
spontaneous,0.00025719366662389954
sport,0.00025719366662389954
spot,0.00025719366662389954
spring,0.00025719366662389954
squad,0.00025719366662389954
square,0.00025719366662389954
squat,0.00025719366662389954
squeeze,0.00025719366662389954
stability,0.00025719366662389954
standard,0.00025719366662389954
star,0.00025719366662389954
starlet,0.00025719366662389954
static,0.00025719366662389954
sting,0.00025719366662389954
storey,0.00025719366662389954
storm,0.00025719366662389954
strenghs,0.00025719366662389954
stress,0.00025719366662389954
stressful,0.00025719366662389954
strictly,0.00025719366662389954
strike,0.00025719366662389954
stripper,0.00025719366662389954
style,0.00025719366662389954
subconscious,0.00025719366662389954
subterfuge,0.00025719366662389954
succeed,0.00025719366662389954
successful,0.00025719366662389954
sugar,0.00025719366662389954
suggestion,0.00025719366662389954
suicidal,0.00025719366662389954
sum,0.00025719366662389954
summer,0.00025719366662389954
summon,0.00025719366662389954
sunglass,0.00025719366662389954
superiority,0.00025719366662389954
supply,0.00025719366662389954
suppress,0.00025719366662389954
surely,0.00025719366662389954
surveillance,0.00025719366662389954
survival,0.00025719366662389954
survivor,0.00025719366662389954
suspicion,0.00025719366662389954
suspicious,0.00025719366662389954
swallow,0.00025719366662389954
swamp,0.00025719366662389954
sweety,0.00025719366662389954
sympathiser,0.00025719366662389954
tack,0.00025719366662389954
tag,0.00025719366662389954
tail,0.00025719366662389954
taint,0.00025719366662389954
task,0.00025719366662389954
tat,0.00025719366662389954
tea,0.00025719366662389954
tech,0.00025719366662389954
tel,0.00025719366662389954
television,0.00025719366662389954
temp,0.00025719366662389954
tense,0.00025719366662389954
tent,0.00025719366662389954
terminate,0.00025719366662389954
terribly,0.00025719366662389954
terror,0.00025719366662389954
terrorize,0.00025719366662389954
thanke,0.00025719366662389954
theit,0.00025719366662389954
therapy,0.00025719366662389954
thereby,0.00025719366662389954
thin,0.00025719366662389954
thorn,0.00025719366662389954
threathen,0.00025719366662389954
threshold,0.00025719366662389954
tic,0.00025719366662389954
ticket,0.00025719366662389954
tickle,0.00025719366662389954
tide,0.00025719366662389954
till,0.00025719366662389954
timing,0.00025719366662389954
tinyest,0.00025719366662389954
tireless,0.00025719366662389954
tit,0.00025719366662389954
toast,0.00025719366662389954
toc,0.00025719366662389954
tom,0.00025719366662389954
tongue,0.00025719366662389954
tonic,0.00025719366662389954
toolbox,0.00025719366662389954
total,0.00025719366662389954
totally,0.00025719366662389954
tough,0.00025719366662389954
tow,0.00025719366662389954
towards,0.00025719366662389954
tr,0.00025719366662389954
tradition,0.00025719366662389954
traffick,0.00025719366662389954
trail,0.00025719366662389954
traitorous,0.00025719366662389954
tranqued,0.00025719366662389954
transgration,0.00025719366662389954
transport,0.00025719366662389954
transportation,0.00025719366662389954
tree,0.00025719366662389954
trench,0.00025719366662389954
tribute,0.00025719366662389954
tricia,0.00025719366662389954
troll,0.00025719366662389954
trooper,0.00025719366662389954
troups,0.00025719366662389954
trully,0.00025719366662389954
trump,0.00025719366662389954
trunk,0.00025719366662389954
tug,0.00025719366662389954
tune,0.00025719366662389954
tunnel,0.00025719366662389954
turmoil,0.00025719366662389954
turner,0.00025719366662389954
tv,0.00025719366662389954
twist,0.00025719366662389954
type,0.00025719366662389954
tyranny,0.00025719366662389954
ugly,0.00025719366662389954
uk,0.00025719366662389954
ukraine,0.00025719366662389954
unaffiliate,0.00025719366662389954
unanimously,0.00025719366662389954
unannouced,0.00025719366662389954
unasked,0.00025719366662389954
uncontrolable,0.00025719366662389954
underbrush,0.00025719366662389954
undertaking,0.00025719366662389954
unexpected,0.00025719366662389954
unleash,0.00025719366662389954
unlucky,0.00025719366662389954
unnels,0.00025719366662389954
unordinary,0.00025719366662389954
unprecedent,0.00025719366662389954
unsafe,0.00025719366662389954
unstoppable,0.00025719366662389954
untainted,0.00025719366662389954
untimely,0.00025719366662389954
untouched,0.00025719366662389954
unusual,0.00025719366662389954
unworthy,0.00025719366662389954
uplink,0.00025719366662389954
upscale,0.00025719366662389954
upset,0.00025719366662389954
urge,0.00025719366662389954
urgency,0.00025719366662389954
urinate,0.00025719366662389954
usually,0.00025719366662389954
valuable,0.00025719366662389954
various,0.00025719366662389954
vent,0.00025719366662389954
vest,0.00025719366662389954
vet,0.00025719366662389954
viability,0.00025719366662389954
viable,0.00025719366662389954
vibration,0.00025719366662389954
victory,0.00025719366662389954
view,0.00025719366662389954
violin,0.00025719366662389954
vip,0.00025719366662389954
vodka,0.00025719366662389954
wage,0.00025719366662389954
wannabee,0.00025719366662389954
warehouse,0.00025719366662389954
warm,0.00025719366662389954
warrant,0.00025719366662389954
watkins,0.00025719366662389954
weaponsmith,0.00025719366662389954
wed,0.00025719366662389954
weekly,0.00025719366662389954
wei,0.00025719366662389954
westler,0.00025719366662389954
whatt,0.00025719366662389954
wheel,0.00025719366662389954
whenever,0.00025719366662389954
wholesale,0.00025719366662389954
whose,0.00025719366662389954
widdeled,0.00025719366662389954
wide,0.00025719366662389954
willingness,0.00025719366662389954
wire,0.00025719366662389954
wolf,0.00025719366662389954
wolve,0.00025719366662389954
womb,0.00025719366662389954
wonderful,0.00025719366662389954
wood,0.00025719366662389954
worker,0.00025719366662389954
worldwide,0.00025719366662389954
worthy,0.00025719366662389954
wreckage,0.00025719366662389954
xerox,0.00025719366662389954
yap,0.00025719366662389954
yell,0.00025719366662389954
yep,0.00025719366662389954
yesterday,0.00025719366662389954
